company_name,industry,country,city,email,phone,website,source,sector_raw,sector_group
AAA Global Services Ltd,Financial Services - Other,Mauritius,,headoffice@aaa.com.mu,(230) 454 3200,headoffice@aaa.com.mu,mauritius_ifc_directory,,Financial Services - Other
ABC Banking Corporation Ltd,Financial Services - Other,Mauritius,,info@abcbanking.mu,(230) 206 8000,info@abcbanking.mu,mauritius_ifc_directory,,Financial Services - Other
ABC Global Management Services Co. Ltd.,Financial Services - Other,Mauritius,,jc.tsang@abcglobal.mu,+230 464 2668,jc.tsang@abcglobal.mu,mauritius_ifc_directory,,Financial Services - Other
Absa Bank (Mauritius) Limited,Financial Services - Other,Mauritius,,customer.contact@absa.africa,+ (230) 404 1000,https://www.absabank.mu,mauritius_ifc_directory,,Financial Services - Other
Acclime Mauritius Limited,Financial Services - Other,Mauritius,,global.mauritius@acclime.com,+230 217 5100,global.mauritius@acclime.com,mauritius_ifc_directory,,Financial Services - Other
Accuro Trust (Mauritius) Ltd,Financial Services - Other,Mauritius,,Mauritius@accurofiduciary.com,+230 403 0400,Mauritius@accurofiduciary.com,mauritius_ifc_directory,,Financial Services - Other
Adansonia Management Services Limited,Financial Services - Other,Mauritius,,info@adansoniamanagement.com,+230 269 4166,info@adansoniamanagement.com,mauritius_ifc_directory,,Financial Services - Other
Afrasia Bank Limited,Financial Services - Other,Mauritius,,afrasia@afrasiabank.com,+ (230) 208 5500,afrasia@afrasiabank.com,mauritius_ifc_directory,,Financial Services - Other
Afri Life Insurance Ltd,Financial Services - Other,Mauritius,,info@afrilifeinsurance.com,+230 4035200,info@afrilifeinsurance.com,mauritius_ifc_directory,,Financial Services - Other
Apex Fund Services (Mauritius) Ltd,Financial Services - Other,Mauritius,,info@apex.mu,+230 404 8800,info@apex.mu,mauritius_ifc_directory,,Financial Services - Other
Appavoo International Ltd,Financial Services - Other,Mauritius,,info@hlb-mauritius.com,+230 203 3900,info@hlb-mauritius.com,mauritius_ifc_directory,,Financial Services - Other
Arch Global Consult Ltd,Financial Services - Other,Mauritius,,info@archglobalconsult.com,+230 243 7888,info@archglobalconsult.com,mauritius_ifc_directory,,Financial Services - Other
Axis Fiduciary Ltd,Financial Services - Other,Mauritius,,info@axis.mu,+230 403 2500,info@axis.mu,mauritius_ifc_directory,,Financial Services - Other
Bank Of Baroda,Financial Services - Other,Mauritius,,bobgen@intnet.mu,(230) 208 1504/05,bobgen@intnet.mu,mauritius_ifc_directory,,Financial Services - Other
Bank Of China (Mauritius) Limited,Financial Services - Other,Mauritius,,services.mu@bankofchina.com,+(230) 203 4878,services.mu@bankofchina.com,mauritius_ifc_directory,,Financial Services - Other
Bank One Limited,Financial Services - Other,Mauritius,,info@bankone.mu,(230) 202 9200,info@bankone.mu,mauritius_ifc_directory,,Financial Services - Other
BanyanTree Bank Limited,Financial Services - Other,Mauritius,,info@banyantreebank.com,(230) 468 1101,info@banyantreebank.com,mauritius_ifc_directory,,Financial Services - Other
BCP Bank (Mauritius) Limited,Financial Services - Other,Mauritius,,serviceclient@bcpbank.mu,+(230) 207 1000,serviceclient@bcpbank.mu,mauritius_ifc_directory,,Financial Services - Other
Blue Azurite Ltd,Financial Services - Other,Mauritius,,corporate@blueazurite.com,+230 214 2237,corporate@blueazurite.com,mauritius_ifc_directory,,Financial Services - Other
BTG Consulting Limited,Financial Services - Other,Mauritius,,admin@btg-mauritius.com,+230 483 12 12,admin@btg-mauritius.com,mauritius_ifc_directory,,Financial Services - Other
BTG Management Services (Mauritius) Limited,Financial Services - Other,Mauritius,,admin@btg-mauritius.com,+230 483 12 12,admin@btg-mauritius.com,mauritius_ifc_directory,,Financial Services - Other
Citco (Mauritius) Limited,Financial Services - Other,Mauritius,,jaboobakar@citco.com,+230 4042600,jaboobakar@citco.com,mauritius_ifc_directory,,Financial Services - Other
CKLB International Management Ltd,Financial Services - Other,Mauritius,,cklbmru@cklb.com,+230 405 8800,cklbmru@cklb.com,mauritius_ifc_directory,,Financial Services - Other
Curatus Trust Company (Mauritius) Limited,Financial Services - Other,Mauritius,,ruma.k@curatustrust.com,+230 454 1040,ruma.k@curatustrust.com,mauritius_ifc_directory,,Financial Services - Other
Fideco Global Business Services Ltd,Financial Services - Other,Mauritius,,fideco@intnet.mu,+230 210 1867,fideco@intnet.mu,mauritius_ifc_directory,,Financial Services - Other
Fides Trustees (Mauritius) Ltd,Financial Services - Other,Mauritius,,kiran@fidestrustees.mu,(+230) 4608989,kiran@fidestrustees.mu,mauritius_ifc_directory,,Financial Services - Other
Global Wealth Management Solutions Ltd (GWMS LTD),Financial Services - Other,Mauritius,,info@gwms.mu,+ (230) 454 2110,info@gwms.mu,mauritius_ifc_directory,,Financial Services - Other
GMG Trust Ltd,Financial Services - Other,Mauritius,,office@gmgfinancial.com,+230 405 9000,office@gmgfinancial.com,mauritius_ifc_directory,,Financial Services - Other
Grant Thornton Mauritius,Financial Services - Other,Mauritius,,grant.thornton@mu.gt.com,(230) 4673001,grant.thornton@mu.gt.com,mauritius_ifc_directory,,Financial Services - Other
Habib Bank Limited,Financial Services - Other,Mauritius,,hbl@hbl.intnet.mu,+(230) 2177600,hbl@hbl.intnet.mu,mauritius_ifc_directory,,Financial Services - Other
Hongkong And Shanghai Banking Corporation Limited,Financial Services - Other,Mauritius,,hsbcmauritius@hsbc.co.mu,+(230) 403 8333,hsbcmauritius@hsbc.co.mu,mauritius_ifc_directory,,Financial Services - Other
HSBC Bank (Mauritius) Limited,Financial Services - Other,Mauritius,,global.business@hsbc.co.mu,(230) 403 8333,global.business@hsbc.co.mu,mauritius_ifc_directory,,Financial Services - Other
Imara Trust Company (Mauritius) Limited,Financial Services - Other,Mauritius,,Preetam@imara.mu,+2304669171,Preetam@imara.mu,mauritius_ifc_directory,,Financial Services - Other
Indian Ocean General Assurance Co. Ltd,Financial Services - Other,Mauritius,,info@iogaltd.com,+230 2089000,info@iogaltd.com,mauritius_ifc_directory,,Financial Services - Other
Insurers' Association of Mauritius,Financial Services - Other,Mauritius,,secretary.general@insurersassociation.mu,+230 468 73 25,secretary.general@insurersassociation.mu,mauritius_ifc_directory,,Financial Services - Other
Intercontinental Trust Limited (ITL),Financial Services - Other,Mauritius,,info@intercontinentaltrust.com,(230) 403 0800,info@intercontinentaltrust.com,mauritius_ifc_directory,,Financial Services - Other
International Proximity,Financial Services - Other,Mauritius,,mail@internationalproximity.com,+230 401 2300,mail@internationalproximity.com,mauritius_ifc_directory,,Financial Services - Other
Investec Bank (Mauritius) Limited,Financial Services - Other,Mauritius,,infomru@investec.co.mu,(230) 207 4000,infomru@investec.co.mu,mauritius_ifc_directory,,Financial Services - Other
Investors Europe (Maurtius) Ltd,Financial Services - Other,Mauritius,,info@investorseurope.com,(230) 54490369,info@investorseurope.com,mauritius_ifc_directory,,Financial Services - Other
IQ-EQ Mauritius,Financial Services - Other,Mauritius,,mauritius@iqeq.com,+(230) 213 9902,mauritius@iqeq.com,mauritius_ifc_directory,,Financial Services - Other
Island Life Assurance Co. Ltd,Financial Services - Other,Mauritius,,customer.service@ila.mu,+230 217 6900,customer.service@ila.mu,mauritius_ifc_directory,,Financial Services - Other
JTC Fiduciary Services (Mauritius) Limited,Financial Services - Other,Mauritius,,info-mu@jtcgroup.com,+230 464 5100,info-mu@jtcgroup.com,mauritius_ifc_directory,,Financial Services - Other
Juristax Ltd,Financial Services - Other,Mauritius,,contact@juristax.com,(+230) 465 5526,contact@juristax.com,mauritius_ifc_directory,,Financial Services - Other
Lamco International Insurance Ltd,Financial Services - Other,Mauritius,,lamco@intnet.mu,212 2221/2124494,lamco@intnet.mu,mauritius_ifc_directory,,Financial Services - Other
Maitland Group,Financial Services - Other,Mauritius,,info@maitlandgroup.com,+230 210 9334,info@maitlandgroup.com,mauritius_ifc_directory,,Financial Services - Other
Martello Asset Management Mauritius Limited,Financial Services - Other,Mauritius,,ag@martello.mu,+230 483 9302,ag@martello.mu,mauritius_ifc_directory,,Financial Services - Other
Maubank Ltd,Financial Services - Other,Mauritius,,info@maubank.mu,+(230) 405 9400,info@maubank.mu,mauritius_ifc_directory,,Financial Services - Other
Mauri Experta Ltd,Financial Services - Other,Mauritius,,info@mauriexperta.com,+230 466 6100,info@mauriexperta.com,mauritius_ifc_directory,,Financial Services - Other
Mauritius Commercial Bank Ltd,Financial Services - Other,Mauritius,,mcb@mcb.co.mu,+(230) 202 5000,mcb@mcb.co.mu,mauritius_ifc_directory,,Financial Services - Other
Mondial Management Services Ltd,Financial Services - Other,Mauritius,,info@mondialmanagement.com,+230 460 0989,info@mondialmanagement.com,mauritius_ifc_directory,,Financial Services - Other
National Insurance Co. Ltd,Financial Services - Other,Mauritius,,customerservice@nicl.mu,+230 602 3000,customerservice@nicl.mu,mauritius_ifc_directory,,Financial Services - Other
Nexus Global Financial Services Limited,Financial Services - Other,Mauritius,,info@nexusgfs.com,(+230) 468 7800,info@nexusgfs.com,mauritius_ifc_directory,,Financial Services - Other
NIC General Insurance Co. Ltd,Financial Services - Other,Mauritius,,customerservice@nicl.mu,+230 602 3000,customerservice@nicl.mu,mauritius_ifc_directory,,Financial Services - Other
NWT (Mauritius) Ltd,Financial Services - Other,Mauritius,,nwtm@axys-group.com,(230) 405 4000,nwtm@axys-group.com,mauritius_ifc_directory,,Financial Services - Other
Oak Management (mauritius) Limited,Financial Services - Other,Mauritius,,JWoodward@oak.group,+230 4013200,,mauritius_ifc_directory,,Financial Services - Other
Ocorian Corporate Services,Financial Services - Other,Mauritius,,contact-us@ocorian.com,230 403 6000,contact-us@ocorian.com,mauritius_ifc_directory,,Financial Services - Other
Odyssey Investment Fund,Financial Services - Other,Mauritius,,team@odysseyinvestmentfund.com,(230) 2671946,team@odysseyinvestmentfund.com,mauritius_ifc_directory,,Financial Services - Other
Open Skies Management Services Ltd,Financial Services - Other,Mauritius,,support@openskies.co,+230 468 1044,http://www.openskies.co/,mauritius_ifc_directory,,Financial Services - Other
Perigeum Capital Ltd,Financial Services - Other,Mauritius,,info@perigeum.mu,(230) 4020890,info@perigeum.mu,mauritius_ifc_directory,,Financial Services - Other
PraxisIFM Management (Mauritius) Limited,Financial Services - Other,Mauritius,,info@praxisIFM.mu,+230 403 4140,info@praxisIFM.mu,mauritius_ifc_directory,,Financial Services - Other
Premier Financial Services Limited,Financial Services - Other,Mauritius,,contact@premier.mu,+230 2456703,contact@premier.mu,mauritius_ifc_directory,,Financial Services - Other
PwC Mauritius,Financial Services - Other,Mauritius,,ariane.serret@pwc.com,(230) 404 5000,ariane.serret@pwc.com,mauritius_ifc_directory,,Financial Services - Other
Rogers Capital Corporate Services,Financial Services - Other,Mauritius,,contact@rogerscapital.mu,(230) 203 1100,contact@rogerscapital.mu,mauritius_ifc_directory,,Financial Services - Other
Rosemont Management (Mauritius) Ltd,Financial Services - Other,Mauritius,,c.hoodman@rosemont.mu,+230 460 06 82,c.hoodman@rosemont.mu,mauritius_ifc_directory,,Financial Services - Other
Sab&T International Financial Consulting Ltd,Financial Services - Other,Mauritius,,info@sabt-ifc.com,(230) 4541133 /4633551,info@sabt-ifc.com,mauritius_ifc_directory,,Financial Services - Other
Safyr Utilis,Financial Services - Other,Mauritius,,info@syul.mu,+230 403 4250,info@syul.mu,mauritius_ifc_directory,,Financial Services - Other
Sanlam General Insurance Ltd,Financial Services - Other,Mauritius,,contact@mu.sanlam.com,+230 213 4477 / +230 213 5577,contact@mu.sanlam.com,mauritius_ifc_directory,,Financial Services - Other
Sanne Mauritius,Financial Services - Other,Mauritius,,Peter.Nagle@sannegroup.com,(230) 467 3000,Peter.Nagle@sannegroup.com,mauritius_ifc_directory,,Financial Services - Other
SBI (Mauritius) Ltd,Financial Services - Other,Mauritius,,info@sbimauritius.com,+(230) 203 4913,info@sbimauritius.com,mauritius_ifc_directory,,Financial Services - Other
SBM Bank (Mauritius) Ltd,Financial Services - Other,Mauritius,,sbm@sbmgroup.mu,+(230) 202 1111,sbm@sbmgroup.mu,mauritius_ifc_directory,,Financial Services - Other
Sphere Management (Mauritius) Limited,Financial Services - Other,Mauritius,,bd@sphere-management.com,+230 460 0477/ +23059414822,bd@sphere-management.com,mauritius_ifc_directory,,Financial Services - Other
Standard Bank (Mauritius) Limited,Financial Services - Other,Mauritius,,clientservices@standardbank.mu,+(230) 402 5000,clientservices@standardbank.mu,mauritius_ifc_directory,,Financial Services - Other
Standard Chartered Bank (Mauritius) Limited,Financial Services - Other,Mauritius,,info.scbm@sc.com,+(230) 403 6500,info.scbm@sc.com,mauritius_ifc_directory,,Financial Services - Other
Stock Exchange of Mauritius,Financial Services - Other,Mauritius,,stockweb@sem.intnet.mu,(230) 2129541,stockweb@sem.intnet.mu,mauritius_ifc_directory,,Financial Services - Other
StraFin Corporate Services Ltd,Financial Services - Other,Mauritius,,bd@strafincorporate.com,+230 460 29 29,bd@strafincorporate.com,mauritius_ifc_directory,,Financial Services - Other
Strategia Investment Solutions Ltd,Financial Services - Other,Mauritius,,info@strategia-investment.com,468 8411,info@strategia-investment.com,mauritius_ifc_directory,,Financial Services - Other
Sunibel Corporate Services Ltd,Financial Services - Other,Mauritius,,info@sunibel.mu,+230 263 29 29 /+230 460 00 50,info@sunibel.mu,mauritius_ifc_directory,,Financial Services - Other
Swan,Financial Services - Other,Mauritius,,info@swanforlife.com,+230 207 3500,info@swanforlife.com,mauritius_ifc_directory,,Financial Services - Other
The Economic Development Board (EDB),Financial Services - Other,Mauritius,,contact@edbmauritius.org,+230 203 3800,https://www.edbmauritius.org/,mauritius_ifc_directory,,Financial Services - Other
TMF Mauritius Limited,Financial Services - Other,Mauritius,,mauritius@tmf-group.com,+230 464 5995,mauritius@tmf-group.com,mauritius_ifc_directory,,Financial Services - Other
Toukan Corporate Services Limited,Financial Services - Other,Mauritius,,business@toukanservices.com,(230) 4546030,business@toukanservices.com,mauritius_ifc_directory,,Financial Services - Other
Tri-Pro Administrators Ltd,Financial Services - Other,Mauritius,,services@tripro.mu,(230) 4640889,services@tripro.mu,mauritius_ifc_directory,,Financial Services - Other
Venture Corporate Services (Mauritius) Limited,Financial Services - Other,Mauritius,,office@venturecorporateltd.com,+230 404 9902,office@venturecorporateltd.com,mauritius_ifc_directory,,Financial Services - Other
Venture Law,Financial Services - Other,Mauritius,,office@venturelawltd.com,+230 404 9900,office@venturelawltd.com,mauritius_ifc_directory,,Financial Services - Other
Victoria Capital Management (Mauritius) Ltd,Financial Services - Other,Mauritius,,info@victoriacapitalmanagement.org,(230) 2671946,http://www.victoriacapitalmanagement.org/,mauritius_ifc_directory,,Financial Services - Other
Warwyck Private Bank Ltd,Financial Services - Other,Mauritius,,contact@warwyckprivatebank.com,+230 698 2700,contact@warwyckprivatebank.com,mauritius_ifc_directory,,Financial Services - Other
